product_code,brand,ad_name,family,colorway,tier,is_primary_listing,restockable,notes
5920355988,askalabel,"Basic Sada by Aska Label - Gamis polos dengan kantong dan busui friendly bahan crepe warna putih offwhite, hitam black, maroon burgundy, abu taupe, ungu lilac, dusty pink mauve, navy [9]",sada,,,,,
3106819676,askalabel,"Basic Sada by Aska Label - Gamis polos dengan kantong dan busui friendly bahan crepe warna putih offwhite, hitam black, hijau sage, abu muda, pink, peach, milo tan [7]",sada,,,,,
20249611186,askalabel,"Maula by Aska Label - Tunik wanita full kancing atasan blouse Muslim lengan panjang dengan detail kerut pada lengan warna Dusty Blue, ungu Lilac, Plum, Dark Grey [9]",maula,,,,,
25314624813,askalabel,Raka by Aska Label - Gamis wanita pleats busui friendly dress wanita dengan details kerut tangan [6],raka,,,,,
5354991315,askalabel,"Adani by Aska Label - Kaos polos wanita Muslim lengan panjang warna hitam, biru navy, abu muda, hijau dark green, abu misty, abu gelap [7]",adani,,,,,
25839381904,askalabel,Mahreen by Aska Label - Gamis rayon umroh wanita dengan cutting loose dengan kancing depan busui friendly dan kancing lengan yang wudhu friendly,mahreen,,,,,
18865412383,askalabel,"Reska Skirt by Aska Label - Rok wanita pleats rok plisket pinggang full karet warna pink mauve, abu tua dark grey, hitam black [7]",reska,,,,,
3106979876,askalabel,"Basic Sada by Aska Label - Gamis polos dengan kantong dan busui friendly bahan crepe warna putih offwhite, hitam black, hijau sage, abu muda, pink, peach, milo tan [5]",sada,,,,,
389683474,askalabel,"Sahara by Aska Label - Celana kulot wanita lebar pinggang karet, warna Hitam, Offwhite, Navy, Grey, Seafoam, Sky Blue, Sand [5]",sahara,,,,,
3955083468,askalabel,"Adani by Aska Label - Kaos polos wanita Muslim lengan panjang warna Chalk, Light Khaky, Dusty Rose, Skyblue, Lavender. [8]",adani,,,,,
25211551327,askalabel,Naresvari by Aska Label - Atasan wanita blouse wanita dengan details pleats full kancing busui friendly [6],naresvari,,,,,
3410937714,askalabel,"Astaka by Aska Label - Celana panjang palazo dengan kantong dan pinggang karet warna Grey, Latte, Black, Offwhite [8]",astaka,,,,,
25813578261,askalabel,"Taima by Aska Label - Gamis wanita details pleats maxi dress panjang wanita warna putih, grey, hitam [5]",taima,,,,,
12374253078,askalabel,"Gendhis by Aska Label - Atasan wanita muslim rayon warna putih offwhite, raspberry maroon busui friendly dengan kerah dan full kancing depann manset [7]",gendhis,,,,,
24451622063,askalabel,Armaya by Aska Label - Kemeja wanita kemeja kantor wanita dengan details pleats di belakang [8],armaya,,,,,
41775461044,askalabel,Aneira Top by Aska Label - Atasan wanita dengan details drapery yang manis dengan bahan ceruty yang lembut dan flowy,aneira,,,,,
486606923,askalabel,"Sahara by Aska Label - Celana kulot wanita lebar pinggang karet, warna Hitam, Offwhite, Navy, Grey, Seafoam, Sky Blue, Sand [6]",sahara,,,,,
2090112206,askalabel,"Wiyana by Aska Label - Basic Blouse Wanita Muslim Full Kancing warna Lilac, Navy, Taupe, Light Moss, Olive, Deep Cranberry [8]",wiyana,,,,,
22986058127,askalabel,"Kandara by Aska Label - Celana panjang wanita celana kulot pinggang full karet jumbo warna putih, abu, coksu, hitam [7]",kandara,,,,,
24691645459,askalabel,Pramesthi by Aska Label - Gamis wanita pleats dress plisket wanita busui friendly,pramesthi,,,,,
1839031202,askalabel,"Dian by Aska Label - Atasan kantor basic lengan panjang dan busui friendly warna Putih (Berfuring), Burgundy, Sand, Mint, Mauve [7]",dian,,,,,
1861602591,askalabel,"Taraka by Aska Label - Maxi rok circle swing dengan pinggang karet warna Taupe, Black, Redbud, Navy [8]",taraka,,,,,
6448743172,askalabel,"Kalinda by Aska Label - Atasan blouse wanita basic polos bahan crepe full kancing busui friendly wudhu friendly warna Taupe, Deep Cranberry, Mauve, Lilac, Black [6]",kalinda,,,,,
21675457382,askalabel,"Svasti by Aska Label - Gamis wanita polos bahan crinkle dress wanita Muslim lengan panjang ikat pinggang warna beige, hijau sage, hitam black [7]",svasti,,,,,
19257918187,askalabel,"Daru by Aska Label - Atasan katun knit wanita blouse rajut lengan panjang warna coksu cream, abu, biru dusty [9]",daru,,,,,
26278601763,askalabel,Kama by Aska Label - Gamis wanita kombinasi pleats dress wanita busui friendly syarii,kama,,,,,
5054986920,askalabel,"Adani by Aska Label - Kaos polos wanita Muslim lengan panjang warna Chalk, Light Khaky, Dusty Rose, Skyblue, Lavender [7]",adani,,,,,
7120355528,askalabel,"Basic Sada by Aska Label - Gamis polos dengan kantong dan busui friendly bahan crepe warna putih offwhite, hitam black, hijau sage, abu muda, pink, peach, tan [7]",sada,,,,,
1996667963,askalabel,"Binar by Aska Label - Celana panjang abu basic dengan kantong dan pinggang full karet Light Grey, Black, Sand [7]",binar,,,,,
24931705407,askalabel,"Maula by Aska Label - Tunik wanita full kancing atasan blouse Muslim lengan panjang dengan detail kerut pada lengan warna Dusty Blue, ungu Lilac, Plum, Black [4]",maula,,,,,
27269809636,askalabel,"Maula by Aska Label - Tunik wanita full kancing atasan blouse Muslim lengan panjang dengan detail kerut pada lengan warna Dusty Blue, ungu Lilac, Plum, Black",maula,,,,,
22736970768,askalabel,Adia Niskala by Aska Label - Gamis wanita Eid series lace brokat dengan kombinasi tulle [5],adia,,,,,
23484129758,askalabel,Uma by Aska Label - Kaos olahraga raglan oversized lengan panjang kaos wanita Muslimah [7],uma,,,,,
9801656791,askalabel,"Kirana by Aska Label - Celana plisket dengan pinggang karet warna hitam, coksu [6]",kirana,,,,,
25741856017,askalabel,Athina by Aska Label - Gamis wanita bahan rayon premium busui friendly dress rayon wanita,athina,,,,,
7044930431,askalabel,"Dewari by Aska Label - Atasan basic bahan rayon premium busui friendly warna putih, coksu, biru navy, hitam [6]",dewari,,,,,
25938630309,askalabel,Anggita by Aska Label - Kemeja crinkle wanita blouse wanita dengan details lipit dan kancing depan,anggita,,,,,
25014598616,askalabel,Ayunda by Aska Label - Gamis wanita basic polos dress wanita panjang A Line [5],ayunda,,,,,
29484203673,askalabel,Mahreen by Aska Label - Gamis rayon umroh wanita dengan cutting loose dengan kancing depan busui friendly dan kancing lengan yang wudhu friendly,mahreen,,,,,
1139900340,askalabel,"Dian by Aska Label - Atasan kantor basic lengan panjang dan busui friendly warna Putih (Berfuring), Burgundy, Sand, Mint, Mauve [4]",dian,,,,,
14989785011,askalabel,"Danantya by Aska Label - Tunik wanita panjang warna biru dusty, abu gelap, putih lengan panjang full kancing busui friendly [7]",danantya,,,,,
2813189365,askalabel,"Wiyana by Aska Label - Basic Blouse Wanita Muslim Full Kancing warna Lilac, Navy, Taupe, Light Moss, Deep Cranberry [6]",wiyana,,,,,
26421077348,askalabel,Raka by Aska Label - Gamis wanita pleats busui friendly dress wanita dengan details kerut tangan,raka,,,,,
20789974542,askalabel,Arundaya by Aska Label - Dress wanita plisket gamis wanita panjang pleats kombinasi lengan panjang [8],arundaya,,,,,
24783256968,askalabel,Nararya by Aska Label - Kaos wanita atasan kaos wanita turtle neck lengan panjang [3],nararya,,,,,
762914930,askalabel,"Naira by Aska Label - Tunik full kancing busui friendly warna Putih (Berfuring), Redbud, Taupe, Burgundy, Navy [9]",naira,,,,,
15873715477,askalabel,Ayunda by Aska Label - Gamis wanita basic polos dress wanita panjang A Line [6],ayunda,,,,,
3134204887,askalabel,"Tari by Aska Label - Tunik Rayon Kancing Lengan Panjang warna hitam, coksu, putih, biru navy, lilac, coklat, biru muda [6]",tari,,,,,
2162140071,askalabel,Gantari by Aska Label - Gamis Eid wanita dengan details lace dress wanita [2],gantari,,,,,
27676781471,askalabel,Asmara by Aska Label - Gamis wanita dress wanita dengan details drape busui friendly,asmara,,,,,
26979785942,askalabel,Danar by Aska Label - Gamis wanita dress wanita dengan details pleats,danar,,,,,
22586885399,askalabel,Nasha by Aska Label - Celana panjang wanita celana kantor wanita warna putih beige grey hitam [6],nasha,,,,,
51705590736,askalabel,Mahesvara by Aska Label - Atasan wanita bahan 100% katun dengan details tali,mahesvara,,,,,
54254065668,askalabel,Isvara by Aska Label - Atasan wanita 100% katun dengan details bordir scallop dan tekstur linen,isvara,,,,,
948110519,askalabel,"Aura by Aska Label - Gamis crepe lengan panjang, busui friendly, details drape warna Hitam, Offwhite, Taupe, Raspberry [5]",aura,,,,,
7242953015,askalabel,"Mayang Dress by Aska Label - Gamis plisket  busui friendly warna abu, navy, mauve [5]",mayang,,,,,
24190365120,askalabel,Raka by Aska Label - Gamis wanita pleats busui friendly dress wanita dengan details kerut tangan,raka,,,,,
6748741647,askalabel,"Kalinda by Aska Label - Atasan blouse wanita basic polos bahan crepe full kancing busui friendly wudhu friendly warna Taupe, Deep Cranberry, Mauve, Lilac, Black [6]",kalinda,,,,,
15697129543,askalabel,"Vikrama by Aska Label - Tunik plisket lengan panjang full kancing busui friendly warna pink mauve, ungu, hitam black [8]",vikrama,,,,,
29624896352,askalabel,"Chandana by Aska Label - Rok wanita rok maxi wanita dengan pinggang karet, kantong, dan resliting belakang",chandana,,,,,
40851887912,askalabel,Aera Inner by Aska Label - Inner Muslimah inner manset hijaber dengan bahan lembut dan nyaman,aera,,,,,
17016242749,askalabel,"Praya by Aska Label - Gamis dengan drape bagian depan samping warna ungu dusty, dusty pink, coklat, biru indigo [5]",praya,,,,,
15246914061,askalabel,"Gendhis by Aska Label - Atasan wanita muslim rayon warna putih offwhite, raspberry maroon busui friendly dengan kerah dan full kancing depan manset. [4]",gendhis,,,,,
24433597342,askalabel,Andari Skirt by Aska Label - Rok maxi wanita dengan kantong dan pinggang full karet [3],andari,,,,,
28702512723,askalabel,"Reska Skirt by Aska Label - Rok wanita pleats rok plisket pinggang full karet warna abu tua dark grey, hitam black [4]",reska,,,,,
19370658803,askalabel,Darya by Aska Label - Kemeja wanita rayon viscose atasan blouse basic lengan panjang [7],darya,,,,,
23556823263,askalabel,Kanda by Aska Label - Celana panjang wanita dengan kantong dan pinggang karet bahan crinkle [5],kanda,,,,,
6810842135,askalabel,"Astaka by Aska Label - Celana panjang palazo dengan kantong dan pinggang karet warna Grey, Latte, Black, Offwhite [6]",astaka,,,,,
28266124526,askalabel,Akash by Aska Label - Kaos wanita lengan panjang dengan motif stripes garis,akash,,,,,
25364621555,askalabel,Adikara by Aska Label - Gamis kemeja wanita pleats dress kerah wanita busui friendly [4],adikara,,,,,
44278636302,askalabel,Sekar Candrani by Aska Label - Atasan wanita asimetris dengan details bunga dan drapery bahan satin premium,sekar,,,,,
19871241895,askalabel,Khansa by Aska Label - Dress wanita polos gamis basic wanita bahan crinkle anti kusut busui friendly warna mocca dusty pink coklat [6],khansa,,,,,
28826797643,askalabel,Padmana by Aska Label - Kemeja koko pria cowo bahan rayon premium,padmana,,,,,
57305584941,askalabel,Praba by Aska Label - Kemeja koko pria bahan 100% katun lengan panjang,praba,,,,,
26326961881,askalabel,Lintang by Aska Label - Gamis wanita rayon premium dress wanita busui friendly,lintang,,,,,
26920151329,askalabel,"Svasti by Aska Label - Gamis wanita polos bahan crinkle dress wanita Muslim lengan panjang ikat pinggang warna beige, hijau sage, hitam black [2]",svasti,,,,,
2818060874,askalabel,"Sasmaya by Aska Label - Gamis drape details bisa untuk kondangan dan bridesmaid warna Lilac, Burgundy, Taupe, Offwhite [5]",sasmaya,,,,,
40423225280,askalabel,Tenara by Aska Label - Rok tier dengan detail kerut dan pinggang karet bahan rayon twill premium,tenara,,,,,
27664054762,askalabel,Narandra by Aska Label - Celana palazzo wanita celana bahan rayon wanita pinggang full karet [4],narandra,,,,,
22107362807,askalabel,"Basic Batara by Aska Label - Kemeja wanita basic lengan panjang full kancing warna pink mauve, hijau sage, biru navy dengan detail kerut di lengan [7]",batara,,,,,
5431325396,askalabel,Sasmaya Kids by Aska Label - Gamis anak ukuran 1 sampai 11 [7],sasmaya,,,,,
21688392429,askalabel,Arraya by Aska Label - Inner dress sleeveless gamis busui friendly bahan tebal tidak transparant [7],arraya,,,,,
4472023302,askalabel,"Askara by Aska Label - Gamis wanita panjang dress wanita lengan panjang busui friendly bahan crepe warna maroon, pink mauve [6]",gamis,,,,,
3436311033,askalabel,"Tiras by Aska Label - Atasan plisket busui friendly Warna Mauve, Taupe, Black [6]",tiras,,,,,
1223224086,askalabel,"Basic Dress by Aska Label - Gamis panjang hitam bermanset busui dan bumil friendly warna hitam, putih, hijau sage, abu muda, pink muda [7]",gamis,,,,,
7218505716,askalabel,Karuna by Aska Label - Tunik wanita panjang rayon lengan panjang busui friendly dengan hem tulip [8],karuna,,,,,
26719994843,askalabel,Uma by Aska Label - Kaos olahraga raglan oversized lengan panjang kaos wanita Muslimah [3],uma,,,,,
28120918290,askalabel,Armaya by Aska Label - Kemeja wanita kemeja kantor wanita dengan details pleats di belakang [3],armaya,,,,,
28724949940,askalabel,Vasya by Aska Label - Kemeja wanita flowy feminime dengan details pleats,vasya,,,,,
27719455638,askalabel,Naresvari by Aska Label - Atasan wanita blouse wanita dengan details pleats full kancing busui friendly,naresvari,,,,,
28173444399,askalabel,Nararya by Aska Label - Kaos wanita atasan kaos wanita turtle neck lengan panjang,nararya,,,,,
24740450490,askalabel,"Taima by Aska Label - Gamis wanita details pleats maxi dress panjang wanita warna putih, grey, hitam",taima,,,,,
52602935126,askalabel,Sada Rayon by Aska Label - Daily gamis dress A-line Wanita bahan rayon twill premium,sada,,,,,
823271179,askalabel,Salma by Aska Label - Tunik wanita panjang dengan hem tulip. Atasan blouse wanita [6],salma,,,,,
26354956955,askalabel,Pravara by Aska Label - Sweater wanita lengan panjang bahan kaos atasan kaos wanita [4],pravara,,,,,
12299321128,askalabel,Narya by Aska Label - Outerwear wanita blazer panjang wanita korean style katun warna coksu dan hitam [5],narya,,,,,
51602936873,askalabel,Miraani Dress by Aska Label - Daily dress gamis wanita dengan details kerut dan bahan 100% rayon premium [2],miraani,,,,,
24950554646,askalabel,"Nalika by Aska Label - Outerwear wanita blazer wanita blezer korean style warna coksu, hitam [7]",nalika,,,,,
1223221453,askalabel,"Basic Dress by Aska Label - Gamis Muslim busui dan bumil friendly warna Sand, Navy, Black, Lilac, Offwhite, Mint, Mauve [5]",gamis,,,,,
26520490187,askalabel,Noor Hijab by Aska Label - Hijab umroh wanita,noor,,,,,
28427280492,askalabel,Campaka by Aska Label - Atasan Eid wanita details custom lace motif bunga two tone,campaka,,,,,
762925596,askalabel,"Rahma by Aska Label - Celana panjang wanita lurus pinggang karet warna Hitam, Light Grey, Olive, Sand [11]",rahma,,,,,
50456304359,askalabel,Cahyasmara by Aska Label - Atasan katun wanita asimetris A line dengan details bordir,cahyasmara,,,,,
42573314535,askalabel,Akandra by Aska Label - Gamis wanita bahan kaos 100% cotton busui friendly,akandra,,,,,
56755926116,askalabel,Sekar Kinanthi by Aska Label - Gamis wanita EID drnga details applikasi bunga dan kerut bahan satin premium busui friendly,sekar,,,,,
1368195265,askalabel,"Taraka by Aska Label - Maxi rok circle swing dengan pinggang karet warna Taupe, Black, Redbud, Navy",taraka,,,,,
28568366720,askalabel,Adara by Aska Label - Celana wanita celana kerja wanita dengan pinggang karet [2],adara,,,,,
25440833405,askalabel,"Vikrama by Aska Label - Tunik plisket lengan panjang full kancing busui friendly warna pink mauve, ungu, hitam black",vikrama,,,,,
25714632623,askalabel,"Artanti by Aska Label - Gamis wanita dengan details leher dan tali pinggang dress wanita warna light blue, burgundy, dan hitam [4]",artanti,,,,,
25264607692,askalabel,"Agni by Aska Label - Gamis wanita pleats dress wanita lengan panjang warna putih, ice grey, hijau sage [5]",agni,,,,,
58152063520,askalabel,"Arundati by Aska Label - Rok maxi bahan satin premium, tidak transparant",arundati,,,,,
28929800753,askalabel,Aravinda by Aska Label - Gamis Eid wanita dengan details bunga bordir busui friendly dan kantong.,aravinda,,,,,
56655010782,askalabel,Luma Dress by Aska Label - Gamis wanita bahan satin premium Eid series A Line dengan layer outer,luma,,,,,
24791655038,askalabel,Padmana Kids by Aska Label - Kemeja koko anak cowo pria bahan rayon premium,padmana,,,,,
28981113386,askalabel,Damayanti by Aska Label - Gamis Eid wanita dress wanita dengan kombinasi details pleats dan lace,damayanti,,,,,
22169774850,askalabel,Keshvari by Aska Label - Gamis wanita plisket dress pleats cantik elegan lengan panjang dengan ikat pinggang [5],keshvari,,,,,
26629795767,askalabel,Saanvi by Aska label - Atasan Eid wanita busui friendly dengan details pleats dan lace,saanvi,,,,,
16396214851,askalabel,Raina by Aska Label - Tunik wanita details pleats. Kemeja wanita kombinasi plisket busui friendly [9],raina,,,,,
10463785077,askalabel,"Smara by Aska Label - Basic gamis polos bahan knit busui friendly lengan panjang warna coksu, hijau, pink, burgundy, coklat milo [6]",smara,,,,,
3106840324,askalabel,"Basic Sada by Aska Label - Gamis polos dengan kantong dan busui friendly bahan crepe warna putih offwhite, hitam black, hijau sage, abu muda, pink, peach, milo tan [4]",sada,,,,,
28077259893,askalabel,Kanti by Aska Label - Gamis Eid wanita dengan details custom lace dan pleats dress lebaran wanita,kanti,,,,,
27676949483,askalabel,Lintang Kids by Aska Label - Gamis anak cewe bahan rayon premium dress polos anak cewe,lintang,,,,,
43675449717,askalabel,Samika Tunik by Aska Label - Basic tunik A Line dengan bahan ceruty yang lembut dan flowy,samika,,,,,
28977358952,askalabel,Angkasa by Aska Label - Gamis wanita busui friendly dress wanita details ikat,angkasa,,,,,
29680487237,askalabel,Padma by Aska Label - Gamis wanita dengan bahan rayon premium dan details bordir,padma,,,,,
28570484886,askalabel,Arafah by Aska Label - Gamis umroh wanita loose dengan bahan crinkle dress umroh wanita,arafah,,,,,
25391817343,askalabel,Aruna by Aska Label - Gamis Eid wanita dengan details custom lace motif bunga two tone dress lebaran wanita,aruna,,,,,
48306239381,askalabel,Zahren by Aska Label - Dress wanita A Line sarimbit keluarga bahan rayon premium,zahren,,,,,
7342953353,askalabel,"Mayang Dress by Aska Label - Gamis plisket busui friendly warna abu, navy, mauve [2]",mayang,,,,,
25641691660,askalabel,Asmara Kids by Aska Label - Gamis anak wanita dress anak lebaran details drape kembaran sarimbit,asmara,,,,,
24663647734,askalabel,Dahayu by Aska Label - Kemeja wanita pleats dengan detail lace kemeja tunik wanita renda [6],dahayu,,,,,
43775447978,askalabel,Anvi Cardigan by Aska Label - Basic cardigan rajut dengan bahan yang lembut dan adem,anvi,,,,,
43078633069,askalabel,Sekar Ayu by Aska Label - Atasan wanita dengan details bunga dan drapery bahan satin premium,sekar,,,,,
28138303976,askalabel,Agra Square Hijab by Aska Label - hijab segi empat voal yang lembut dan nyaman,agra,,,,,
24260710827,askalabel,Dhatri by Aska Label - Kemeja wanita crinkle ironless blouse wanita panjang lengan panjang atasan wanita full kancing [5],dhatri,,,,,
57901150490,askalabel,Ayudya by Aska Label - Gamis wanita A Line bahan rayon twill premium,ayudya,,,,,
27426765001,askalabel,Mandapa by Aska Label - Gamis wanita dress wanita Muslim lengan panjang busui friendly,mandapa,,,,,
29428569264,askalabel,Kalyana by Aska Label - Tunik wanita plisket two tone lengan panjang,kalyana,,,,,
47403379551,askalabel,"Sahara by Aska Label - Celana kulot wanita lebar pinggang karet, warna Hitam, Offwhite, Navy, Grey, Seafoam, Sky Blue, Sand",sahara,,,,,
23573467295,askalabel,"Ameera by Aska Label - Innerdress wanita dress sleeveless tanpa lengan, bahan crinkle anti kusut busui friendly [5]",ameera,,,,,
7513032479,askalabel,"Naira by Aska Label - Tunik full kancing busui friendly warna Putih (Berfuring), Redbud, Taupe, Burgundy, Navy, Black [8]",naira,,,,,
25263576840,askalabel,Wijaya by Aska Label - Kemeja pria basic polos lengan pendek bahan soft katun flanel [5],wijaya,,,,,
23309633016,askalabel,Harsana by Aska Label - Tunik wanita lengan panjang busui friendly blouse wanita warna putih offwhite dan abu ash grey [5],harsana,,,,,
5948742868,askalabel,"Kalinda by Aska Label - Atasan blouse wanita basic polos bahan crepe full kancing busui friendly wudhu friendly warna Aloe, Ice Grey, Powder Pink, Tan, Dusty Peach [7]",kalinda,,,,,
29874384862,askalabel,"Daru by Aska Label - Atasan katun knit wanita blouse rajut lengan panjang warna coksu cream, abu, biru dusty",daru,,,,,
19173252648,askalabel,Vanya by Aska Label - Shirtdress pleats kemeja tunik plisket lengan panjang full kancing warna putih offwhite ungu lilac coklat [7],vanya,,,,,
57055914135,askalabel,Sekar Candrani Kids by Aska Label - Gamis anak kembaran dengan details aplikasi bunga dan drapery bahan satin premium,sekar,,,,,
25714622806,askalabel,Adikara Kids by Aska Label - Gamis anak wanita dengan kerah dan details pletas kancing depan,adikara,,,,,
24114594426,askalabel,Ayunda Kids by Aska Label - Gamis anak wanita polos dengan details lengan warna lilac dan maroon [5],ayunda,,,,,
45356361102,askalabel,Vimalani by Aska Label - Dress wanita A Line dengan details pleats dan kombinasi lace,vimalani,,,,,
44468070966,askalabel,"Dirandra by Aska Label - Atasan wanita dengan aksen lipit dan flowy, busui friendly dan lengan panjang",dirandra,,,,,
25564636609,askalabel,Raka Kids by Aska Label - Gamis anak wanita dress anak wanita dengan details pleats dan kerut tangan [5],raka,,,,,
20488977776,askalabel,"Hening by Aska Label - Dress wanita gamis Muslim plisket lengan panjang elegan feminime warna grey, blush pink, lilac, beige coksu [7]",hening,,,,,
8137531112,askalabel,Askara Kids by Aska Label [4],kids,,,,,
22463196092,askalabel,Naya by Aska Label - Dress wanita plisket gamis wanita busui friendly pleats [6],naya,,,,,
24370317804,askalabel,Triana by Aska Label - Inner dress wanita sleeveless dress dengan details pleats [5],triana,,,,,
41880431349,askalabel,Amani by Aska Label - Atasan wanita kombinasi kaos dan ruffle,amani,,,,,
28629817060,askalabel,Aryan by Aska Label - Kemeja wanita details pleats lengan panjang,aryan,,,,,
7832216874,askalabel,"Kananta by Aska Label - Dress wanita panjang gamis Muslim busui friendly ukuran XS sampai jumbo warna hitam, coksu,mauve,biru navy [6]",kananta,,,,,
26419177497,askalabel,Rania by Aska Label - Gamis plisket stretch gamis wanita dengan details plisket kecil,rania,,,,,
52456490153,askalabel,Sailani by Aska Label - Rok plisket dengan pinggang karet dan bahan ceruty yang flowy,sailani,,,,,
2162107634,askalabel,Gantari by Aska Label - Gamis Eid wanita dengan details lace dress wanita,gantari,,,,,
55806340615,askalabel,Calya Savana by Aska Label - Tunik wanita dengan details pleats dan lace,calya,,,,,
27340568203,askalabel,Shanvika Tunik by Aska Label - Tunik scallop wanita bahan mix rayon dengan details bordir scallop,shanvika,,,,,
17793931381,askalabel,"Pradhu by Aska Label - Gamis wanita dress Muslim wanita bahan rayon lengan panjang full kancing depan busui friendly warna putih offwhite, beige oat, hitam black [7]",pradhu,,,,,
27377258876,askalabel,Hanum by Aska Label - Gamis Eid wanita details custom lace bunga dress lebaran wanita,hanum,,,,,
3555083976,askalabel,"Adani Minor Defect by Aska Label - Kaos polos wanita Muslim lengan panjang warna Chalk, Light Khaky, Dusty Rose, Skyblue, Lavender [4]",adani,,,,,
44755266206,askalabel,Kamayra by Aska Label - Atasan lace brokat wanita dengan bahan satin premium busui friendly,kamayra,,,,,
22420874323,askalabel,Anjani by Aska Label - Dress wanita pleated gamis Muslim tangan panjang details plisket di bagian belakang busui friendly [7],anjani,,,,,
28520460632,askalabel,Sharva by Aska Label - Gamis umroh wanita busui friendly lengan panjang,sharva,,,,,
40614442303,askalabel,Amala Tunik by Aska Label - Tunik kaos wanita dengan motif garis stripes tunik katun wanita garis,amala,,,,,
44214490013,askalabel,Kamya Tunik by Aska Label - Tunik kemeja wanita dengan bahan tekstur tunik busui wanita full kancing,kamya,,,,,
26774534161,askalabel,"Agni by Aska Label - Gamis wanita pleats dress wanita lengan panjang warna putih, ice grey, hijau sage",agni,,,,,
55755719734,askalabel,Pramesthi Kids by Aska Label - Gamis anak wanita dengan details pleats pada bagian badan,pramesthi,,,,,
28178135894,askalabel,Gantari Kids by Aska Label - Gamis Eid anak wanita dress anak wanita dengan details lace,gantari,,,,,
51808599128,askalabel,Isvara by Aska Label - Atasan wanita 100% katun dengan details bordir scallop dan tekstur linen,isvara,,,,,
29070808286,askalabel,"Kandara by Aska Label - Celana panjang wanita celana kulot pinggang full karet jumbo warna putih, abu, coksu, hitam",kandara,,,,,
28294167929,askalabel,Zivara by Aska Label - Dress wanita dengan details lace busui friendly,zivara,,,,,
56204044398,askalabel,Khaira by Aska Label - Atasan wanita rayon premium dengan details pita ikat,khaira,,,,,
28326782312,askalabel,Ambara by Aska Label - Gamis polos wanita bahan tekstur dan flowy dress wanita lurus,ambara,,,,,
44205817334,askalabel,Akara by Aska Label - Atasan rayon wanita asimetris busui friendly blouse wanita bahan rayon,akara,,,,,
22222831533,askalabel,"Aneska Outer & Arsha Dress by Aska Label - Set dress wanita dan outerwear wanita bahan bertekstur, inner gamis tanpa lengan dan outer tipis dijual terpisah warna putih offwhite, beige, mint, dusty pink [5]",aneska,,,,,
43914469935,askalabel,Mandira Tunik by Aska Label - Tunik kaos wanita lengan panjang bahan 100% katun,mandira,,,,,
53405591042,askalabel,Praba Kids by Aska Label - Kemeja koko anak pria lengan panjang dengan bahan 100% katun,praba,,,,,
55706299516,askalabel,Alyara by Aska Label - Atasan katun wanita dengan details bordir dan payet,alyara,,,,,
1996683240,askalabel,Binar by Aska Label - Celana panjang basic dengan kantong dan pinggang full karet [3],binar,,,,,
29660306574,askalabel,Agnia by Aska Label - Rok wanita dengan kantong dan pinggang karet [3],agnia,,,,,
24013659459,askalabel,Taima Kids by Aska Label - Dress anak wanita gamis anak pleats warna ice grey dan coksu [3],taima,,,,,
21375453300,askalabel,"Asvari by Aska Label - Gamis wanita plisket, dress pleats lengan panjang warna ungu muda, abu tua, hitam black [7]",asvari,,,,,
22619999869,askalabel,Akshaya by Aska Label - Tunik wanita blouse bahan crinkle anti kusut warna Bone abu dan dusty lilac [6],akshaya,,,,,
22643268011,askalabel,Aria by Aska Label - Tunik wanita plisket atasan blouse wanita aksen pita ikat di bagian leher dan plisket di bagian samping [6],aria,,,,,
29973461315,askalabel,Khansa by Aska Label - Dress wanita polos gamis basic wanita bahan crinkle anti kusut busui friendly warna mocca dusty pink coklat [3],khansa,,,,,
48506243984,askalabel,Zahren Kids by Aska Label -  Dress anak wanita sarimbit keluarga dengan bahan rayon premium,zahren,,,,,
45908629757,askalabel,Aneira Top by Aska Label - Atasan wanita dengan details drapery yang manis dengan bahan ceruty yang lembut dan flowy,aneira,,,,,
28760306170,askalabel,Bintari by Aska Label - Atasan wanita plisket asimetris pleats blouse wanita [3],bintari,,,,,
48406247801,askalabel,Arin by Aska Label -  Rok wanita dengan pinggang karet elastis dan bahan flowy,arin,,,,,
27629785912,askalabel,Ishwari by Aska Label - Atasan Eid wanita dengan details kombinasi pleats dan lace,ishwari,,,,,
22836095836,askalabel,"Avana by Aska Label - Gamis wanita dress wanita lengan panjang bahan rayon premium full kancing depan warna dusty blue, dusty lilac, brick teracota, hitam black [6]",avana,,,,,
25471879987,askalabel,Advaya by Aska Label - Mukena dengan details lace dan ikat pada bagian kepala dan pouch. [4],advaya,,,,,
42514475599,askalabel,Ishani Dress by Aska Label - Dress wanita A line gamis wanita lengan panjang dengan details serut dan bahan tekstur,ishani,,,,,
28124888668,askalabel,Arkha by Aska Label - Blouse wanita kaos wanita kombinasi plisket,arkha,,,,,
53557015774,askalabel,Ellinari by Aska Label - Atasan wanita dengan details plisket dan bahan ceruty yang halus dan flowy,ellinari,,,,,
52005590843,askalabel,Zivara Kids by Aska Label - Dress anak dengan details lace dan bahan satin premium,zivara,,,,,
22333548710,askalabel,"Basic Batara by Aska Label - Kemeja wanita basic lengan panjang full kancing warna offwhite, pink, coksu, abu muda, hijau, abu gelap, hitam dengan detail kerut di lenganabel [6]",batara,,,,,
48402092759,askalabel,"Damaya by Aska Label - Rok satin premium dengan details plisket, pinggang karet, dan kantong",damaya,,,,,
22317792700,askalabel,Kalila Dress by Aska Label - Dress wanita gamis panjang wanita full kancing busui friendly lengan panjang warna abu beige hijau moss [6],kalila,,,,,
29001952750,askalabel,Udaya by Aska Label - Tunik wanita dengan kancing depan busui friendly dan kantong [6],udaya,,,,,
46509620852,askalabel,Basanti by Aska Label - Atasan wanita dengan details curve,basanti,,,,,
25464633897,askalabel,Artanti Kids by Aska Label - Gamis anak wanita polos dress anak wanita dengan ikat pinggang dan details tali di tangan [4],artanti,,,,,
49700916889,askalabel,Anggita by Aska Label - Kemeja crinkle wanita blouse wanita dengan details lipit dan kancing depan,anggita,,,,,
25747984449,askalabel,Adia Niskala by Aska Label - Gamis wanita Eid series lace brokat dengan kombinasi tulle,adia,,,,,
28469247635,askalabel,Dhatu by Aska Label - Rok plisket wanita bahan stretch full karet rok wanita dengan details plisket kecil,dhatu,,,,,
23153982541,askalabel,Jada by Aska Label - Tunik kemeja wanita rayon lengan panjang [7],jada,,,,,
24997976966,askalabel,Sekar Kinanthi Kids by Aska Label - Gamis anak kembaran dengan details kerut dan applikasi bunga bahan satin premium,sekar,,,,,
24311706613,askalabel,Saskara by Aska Label - Blouse wanita dengan details pleats di leher atasan wanita full kancing busui friendly [6],saskara,,,,,
28714064750,askalabel,Nilam by Aska Label - Celana wanita plisket full karet pinggang [4],nilam,,,,,
42364448141,askalabel,Anaya Dress by Aska Label - Inner dress wanita A line sleeveless inner dress wanita dengan bahan tekstur dan detail kerut,anaya,,,,,
52806614316,askalabel,Liranti by Aska Label - Atasan semi kebaya wanita two tone print bahan satin premium,liranti,,,,,
27088657299,askalabel,Najma by Aska Label - Kemeja basic wanira regular fit lengan panjang manset bahan flowy dan adem,najma,,,,,
55851149572,askalabel,Narandra by Aska Label - Celana palazzo wanita celana bahan rayon wanita pinggang full karet,narandra,,,,,
25419127882,askalabel,Nira by Aska Label - Inner dress wanita busui friendly dengan kantong [5],nira,,,,,
28540302010,askalabel,Ravika Outer by Aska Label - Outerwear wanita bordir vest bordir wanita bahan cotton linen,ravika,,,,,
54200891731,askalabel,"Adani by Aska Label - Kaos polos wanita Muslim lengan panjang warna Chalk, Light Khaky, Dusty Rose, Skyblue, Lavender",adani,,,,,
18189647467,askalabel,Arthavida by Aska Label - Tunik wanita plisket lengan panjang warna dusty blue dan black [6],arthavida,,,,,
43078982087,askalabel,Auren by Aska Label - Atasan print wanita beskap modern dengan details pita dan bahan satin premium,auren,,,,,
41328778437,askalabel,Savanira by Aska Label - Tunik wanita dengan details payet dan potongan asimetris,savanira,,,,,
3315239380,askalabel,"Alka by Aska Label - Atasan kantor full kancing, busui dan wudhu friendly warna Putih, Olive, Sage, Raspberry, Navy, Latte, Black [7]",alka,,,,,
42960744041,askalabel,Dianti by Aska Label - Outerwear wanita semi blazer wanita dengan details kerah dan manset,dianti,,,,,
27414068535,askalabel,Prajna by Aska Label - Kemeja rayon wanita basic full kancing depan busui friendly [6],prajna,,,,,
41952435012,askalabel,"Dian by Aska Label - Atasan kantor basic lengan panjang dan busui friendly warna Putih (Berfuring), Burgundy, Sand, Mint, Mauve",dian,,,,,
29801947141,askalabel,Kumara by Aska Label - Kemeja tunik wanita dengan bahan tekstur dan kancing depan [4],kumara,,,,,
25620311065,askalabel,"Hapsara by Aska Label - Gamis wanita dress wanita 2 layer dengan ikat pinggang dan busui friendly warna putih, abu tua, dan hitam [6]",hapsara,,,,,
27468370807,askalabel,Vinaya by Aska Label - Rok plisket wanita dengan details kancing,vinaya,,,,,
28929804451,askalabel,Atharya by Aska Label - Gamis wanita busui friendly double layer dengan details tier,atharya,,,,,
43160864630,askalabel,Purva by Aska Label - Tunik wanita busui friendly dengan asimetris hemming,purva,,,,,
29124328625,askalabel,"Reska Skirt by Aska Label - Rok wanita pleats rok plisket pinggang full karet warna pink mauve, abu tua dark grey, hitam black [2]",reska,,,,,
44224024970,askalabel,Renjani by Aska Label - Kemeja wanita dengan detail kerah pleats lengan panjang,renjani,,,,,
28270908876,askalabel,Nasha by Aska Label - Celana panjang wanita celana kantor wanita warna putih beige grey hitam [3],nasha,,,,,
41778980946,askalabel,Nayrani by Aska Label - Dress A Line dengan kombinasi outer print dan potongan scallop,nayrani,,,,,
22446779994,askalabel,Sena by Aska Label - Dress wanita rayon gamis wanita lengan panjang dan details kerut [4],sena,,,,,
28370478324,askalabel,Maryam by Aska label - Gamis umroh batwing wanita dengan bahan pleats knit dan details lubang jempol,maryam,,,,,
29820500052,askalabel,"Huda by Aska Label - Gamis batwing umroh wanita dengan bahan crepe lengan panjang telapak tangan, busui friendly, dan wudhu friendly dengan zipper lengan",huda,,,,,
22246174510,askalabel,Ayaksa by Aska Label - Inner dress wanita sleeveless gamis wanita panjang bahan crinkle ironless details kerut [9],ayaksa,,,,,
29128578829,askalabel,Champa by Aska Label - Atasan wanita dengan details bordir blouse wanita busui friendly,champa,,,,,
43072816288,askalabel,Canting by Aska Label - Inner dress sleeveless A Line busui friendly dengan kantong,canting,,,,,
23574292797,askalabel,Abyasa by Aska Label - Atasan wanita inner top bahan katun rajut stretch lengan panjang [6],abyasa,,,,,
29905895412,askalabel,"Basic Batara by Aska Label - Kemeja wanita basic lengan panjang full kancing warna offwhite, pink, coksu, abu muda, hijau, abu gelap, hitam dengan detail kerut di lengan [3]",batara,,,,,
48755739849,askalabel,Inara by Aska Label - Gamis EID A Line bahan satin premium dengan details lace dan busui friendly,inara,,,,,
27818381912,askalabel,Deva by Aska Label - Tunik lengan panjang tunik wanita dengan kerah dan full kancing,deva,,,,,
49602953498,askalabel,Kanira Top by Aska Label - Atasan rayon wanita dengan details drape,kanira,,,,,
26358747946,askalabel,"Banyu by Aska Label - Dress rayon wanita tier gamis panjang wanita warna milo, coklat, denim, hitam [4]",banyu,,,,,
54506340859,askalabel,Vimalani Kids by Aska Label - Dress anak wanita A Line dengan details pleats dan kombinasi lace,vimalani,,,,,
41060864167,askalabel,Amina by Aska Label - Jaker parka wanita outerwear parasut wanita dengan details kancing dan kantong,amina,,,,,
40214469161,askalabel,Lavanya Skirt by Aska Label - Rok wanita flowy motif bunga dan pinggang karet,lavanya,,,,,
28940311719,askalabel,Sharvani Skirt by Aska Label - Rok wanita pinggang karet details lipit dan kantong,sharvani,,,,,
43223306572,askalabel,Sadhya by Aska Label - Rok tier wanita dengan details kerut full karet,sadhya,,,,,
56556421783,askalabel,Wood Bark Zahren Family Set by Aska Label,wood,,,,,
43622816190,askalabel,Huda by Aska Label - Kemeja wanita bahan rayon premium kemeja kantor adem menyerap keringat,huda,,,,,
26035854016,askalabel,Triana by Aska Label - Inner dress wanita sleeveless dress dengan details pleats,triana,,,,,
40822818043,askalabel,Dharana by Aska Label - Celana kantor wanita dengan pinggang karet dan kantong.,dharana,,,,,
12798868561,askalabel,Hening Kids by Aska Label [2],hening,,,,,
48160237619,askalabel,Kala by Aska Label - Atasan 100% katun wanita dengan details bordir dan kancing,kala,,,,,
26090347086,askalabel,Ruci Outer by Aska Label - Outer cardigan wanita outer panjang wanita dengan bahan katun rajut dan details pita,ruci,,,,,
9101654454,askalabel,"Kirana by Aska Label - Celana plisket dengan pinggang karet warna hitam, coksu [4]",kirana,,,,,
22342153986,askalabel,"Kencana by Aska Label - Sleeveless midi dress bahan rayon for petite, tunik panjang busui friendly warna beige, dusty pink, moss [5]",kencana,,,,,
20183244030,askalabel,Sakya by Aska Label - Tunik panjang polos dengan bahan rayon premium yang nyaman dipakai seharian. [5],sakya,,,,,
19894460401,askalabel,Uma Jogger by Aska Label - Celana jogger olahraga wanita bahan babyterry dengan kantong dan pinggang serut [5],uma,,,,,
26351937691,askalabel,Sankara by Aska Label - Kemeja tunik wanita crinkle shirt dress kancing depan dengan details kantong [5],sankara,,,,,
26641272767,askalabel,Arindra by Aska Label - Kemeja wanita dengan details contrasting,arindra,,,,,
43768058720,askalabel,Sastra by Aska Label - Atasan basic wanita daily,sastra,,,,,
25201616882,askalabel,Utari by Aska Label - Kemeja wanita crinkle oversized panjang [4],utari,,,,,
41478876758,askalabel,Light Blue Zahren Family Set by Aska Label,light,,,,,
28964065127,askalabel,Kamara by Aska Label - Kemeja wanita lengan panjang daily bahan anti kusut [5],kamara,,,,,
53557047740,askalabel,Niranthi by Aska Label - Dress A Line wanita dengan details plisket dan bahan ceruty yang halus dan flowy,niranthi,,,,,
23554598119,askalabel,"Damara by Aska Label - Rok wanita korea style bahan katun warna offwhite, beige, black [8]",damara,,,,,
52010306031,askalabel,Mahesvara by Aska Label - Atasan wanita bahan 100% katun dengan details tali,mahesvara,,,,,
56659590103,askalabel,Wening by Aska Label - Atasan kaos stripes wanita dengan kancing,wening,,,,,
26873256985,askalabel,Arun by Aska Label - Celana wanita dengan details karet di pinggang belakang dan bahan polyester premium,arun,,,,,
27084220311,askalabel,Noor Hijab by Aska Label - Hijab umroh wanita,noor,,,,,
54206677606,askalabel,Asmara by Aska Label - Gamis wanita dress wanita dengan details drape busui friendly,asmara,,,,,
53101149815,askalabel,Vasana by Aska Label - Kemeja tekstur dengan kancing depan dan details layer,vasana,,,,,
28628568818,askalabel,Champa Pants by Aska Label - Celana wanita celana bahan relaxed wanita dengan pinggang full karet,champa,,,,,
8119475658,askalabel,"Naura by Aska Label - Atasan basic wanita blouse warna putih offwhite, biru navy, ungu lilac, abu taupe, dusty pink raspberry dengan tangan kerut dan kancing depan busui friendly [6]",naura,,,,,
4239644322,askalabel,"Kayana by Aska Label - Gamis wanita dress Muslim busui friendly dengan detail ruffle warna Hitam, Latte, Olive, Navy [6]",kayana,,,,,
25442743181,askalabel,Manjari by Aska Label - Celana wanita casual dengan bahan rayon premium dan pinggang full karet,manjari,,,,,
42380776066,askalabel,Avira by Aska Label - Kaos wanita 100% katun dengan details drapery,avira,,,,,
29835798585,askalabel,Andari Skirt by Aska Label - Rok maxi wanita dengan kantong dan pinggang full karet,andari,,,,,
25257139504,askalabel,"Candraya by Aska Label - Sweater wanita rajut Outer wanita rajut warna offwhite, dusty pink, coklat [7]",candraya,,,,,
25863572918,askalabel,Baskara by Aska Label - Kemeja pria basic polos lengan panjang bahan soft katun flanel [5],baskara,,,,,
26370463729,askalabel,Sara SET by Aska Label - Gamis set umroh wanita bahan rayon spandex yang dingin dan flowy. Gamis batwing umroh wanita dengan zipper lengan busui dan wudhu friendly,sara,,,,,
25919130334,askalabel,Nala by Aska Label - Inner dress wanita bahan kaos katun dengan kantong [5],nala,,,,,
40375444869,askalabel,Khaya by Aska Label - Celana knit Wanita full karet yang lembut dan nyaman,khaya,,,,,
51256677898,askalabel,Zivara Family Set by Aska Label,zivara,,,,,
42307166086,askalabel,Aera Instant Hijab by Aska Label - Hijab instant dengan bahan rayon premium spandex dengan ciput bawaan yang praktis Muslim,aera,,,,,
26164058493,askalabel,"Laras by Aska Label - Atasan wanita blouse wanita dengan bahan rajut, busui friendly dan details kerah lipit dan kain ber tekstur [5]",laras,,,,,
27793273726,askalabel,Indira Skirt by Aska Label - Rok Wanita bahan rayon spandex A Line pinggang full karet,indira,,,,,
55760284690,askalabel,Kalandra by Aska Label - Atasan daily dengan bahan katun stripes dan details lipit,kalandra,,,,,
28058787775,askalabel,Yasa by Aska Label - Blouse wanita crinkle full kancing atasan wanita kancing depan [5],yasa,,,,,
29429802482,askalabel,Danar Kids by Aska Label - Dress anak wanita dengan details pleats pada bagian depan,danar,,,,,
24413576388,askalabel,Prabu by Aska Label - Kemeja pria tangan pendek basic polos [4],prabu,,,,,
48059971871,askalabel,Miraani Dress by Aska Label - Daily dress gamis wanita dengan details kerut dan bahan 100% rayon premium,miraani,,,,,
4944928729,askalabel,"Dewari by Aska Label - Atasan basic bahan rayon premium busui friendly warna putih, coksu, biru navy, hitam [4]",dewari,,,,,
41855195226,askalabel,Kanda by Aska Label - Celana panjang wanita dengan kantong dan pinggang karet bahan crinkle,kanda,,,,,
27979807253,askalabel,Senja by Aska Label - Atasan rayon wanita blouse wanita dengan resliting tangan,senja,,,,,
25001628699,askalabel,Rajni by Aska Label - Rok wanita panjang rok korean style warna putih coksu hitam [7],rajni,,,,,
29868410652,askalabel,Maya by Aska Label - Kemeja wanita dengan kombinasi kain two tone dan details plisket di bagian belakang [2],maya,,,,,
43207617714,askalabel,Pravara by Aska Label - Sweater wanita lengan panjang bahan kaos atasan kaos wanita,pravara,,,,,
42581070201,askalabel,Pramesthi by Aska Label - Gamis wanita pleats dress plisket wanita busui friendly,pramesthi,,,,,
42307158666,askalabel,Alma Pashmina Hijab by Aska Label - pashmina basic dengan kain tekstur dan details logo,alma,,,,,
29808849378,askalabel,Kamala by Aska Label - Atasan wanita basic daily lengan panjang blouse wanita warna hitam putih [3],kamala,,,,,
28385848558,askalabel,Asraya by Aska Label - Celana denim wanita dengan elastic di bagian belakang,asraya,,,,,
40779003050,askalabel,Sasmaya Family Set by Aska Label,sasmaya,,,,,
25010711514,askalabel,Denim Vasana by Aska Label - Jeans wanita celana denim wanita denim pants light blue dark blue [5],denim,,,,,
24141142783,askalabel,Besari by Aska Label - Jaket parka wanita dengan hoodie dan bahan nylon parasut,besari,,,,,
29904958070,askalabel,Dirandra by Aska Label - Atasan wanita blouse wanita full kancing [5],dirandra,,,,,
41357612907,askalabel,Darya by Aska Label - Kemeja wanita rayon viscose atasan blouse basic lengan panjang,darya,,,,,
41730985725,askalabel,Aera Inner by Aska Label - Inner Muslimah inner manset hijaber dengan bahan lembut dan nyaman,aera,,,,,
23088696507,askalabel,Asoka by Aska Label - Dress wanita plisket gamis wanita Muslim panjang pleats warna hitam putih [5],asoka,,,,,
18268317812,askalabel,Arkadevi by Aska Label - Rok plisket wanita bahan crinkle warna abu muda oat dan tan pinggang karet [5],arkadevi,,,,,
27081118693,askalabel,Damayanti Kids by Aska Label - Gamis Eid anak wanita dengan kombinasi pleats dan lace,damayanti,,,,,
57711161054,askalabel,Mahreen by Aska Label - Gamis rayon umroh wanita dengan cutting loose dengan kancing depan busui friendly dan kancing lengan yang wudhu friendly,mahreen,,,,,
23763971344,askalabel,Kana by Aska Label - Kaftan wanita eid collection gamis kaftan lebaran dengan details drape dan kain satin premium warna bw offwhite dan coksu beige [5],kana,,,,,
29320468795,askalabel,"Noor by Aska Label - Gamis umroh batwing wanita dengan bahan crinkle, busui friendly, dan kantong kanan kiri",noor,,,,,
29304844079,askalabel,Anvaya by Aska Label - Blazer wanita outerwear wanita semiformal bahan denim [3],anvaya,,,,,
27269252695,askalabel,Dharana by Aska Label - Rok parasut wanita tidak transparant dengan kantong dan pinggang full karet rok parasut wanita [2],dharana,,,,,
56562401331,askalabel,Cahyasmara by Aska Label - Atasan katun wanita asimetris A line dengan details bordir,cahyasmara,,,,,
25363573422,askalabel,Wijaya Kids by Aska Label - Kemeja anak basic polos tangan pendek bahan soft katun flanel [5],wijaya,,,,,
50460708176,askalabel,Sada Rayon by Aska Label - Daily gamis dress A-line Wanita bahan rayon twill premium,sada,,,,,
25301623803,askalabel,Badar by Aska Label - Kemeja wanita kemeja kantor wanita details lipit di belakang [5],badar,,,,,
17991975730,askalabel,Hara by Aska Label - Rok wanita basic pinggang karet warna oat beige sand [6],hara,,,,,
24863577592,askalabel,Prabu Kids by Aska Label - Kemeja anak tangan pendek basic polos [5],prabu,,,,,
19796336922,askalabel,Sada Kids by Aska Label - Gamis anak wanita basic polos warna putih dan abu tua [5],sada,,,,,
48862268579,askalabel,Raras by Aska Label - Kemeja rayon premium wanita bahan tebal dan menyerap keringat.,raras,,,,,
24961530360,askalabel,Anjali by Aska Label - Rok wanita A Line skirt korean style [6],anjali,,,,,
19970359270,inkano,InKano Spire Dress - Sleeveless dress korea wanita katun warna coklat dan hitam black [7],spire,,,,,
29273185813,inkano,InKano Thames Outer - Outerwear wanita knit cardigan wanita dengan details dash dan kancing,thames,,,,,
22787969197,inkano,InKano Thames Outer - Outerwear wanita knit cardigan wanita dengan details dash dan kancing [4],thames,,,,,
27923231189,inkano,InKano Spire Dress Maxi - Sleeveless dress korea wanita katun warna coklat dan hitam black,spire,,,,,
27062867019,inkano,InKano Cassia - Outer knit wanita lengan panjang dengan scallop hemming outerwear rajut wanita,cassia,,,,,
25390328930,inkano,InKano Cirrus - Dress wanita sleeveless midi dress wanita dengan details rok balloon,cirrus,,,,,
26214700605,inkano,InKano Haze - Atasan rajut basic wanita dengan bahan full katun inner basic wanita lengan panjang,haze,,,,,
40556691928,inkano,InKano Cassia - Outer knit wanita lengan panjang dengan scallop hemming outerwear rajut wanita,cassia,,,,,
18680549695,inkano,InKano Stripes Union - Oversized stripes cotton knit top with long sleeve bahan katun korean style [5],stripes,,,,,
24571129042,inkano,InKano Rene Cardigan - Everyday cardigan wanita outerwear wanita knit cardigan cotton viscose [4],rene,,,,,
21486955097,inkano,InKano Ann Cardie - Cadigan wanita katun outer rajut korean style [9],ann,,,,,
28074783892,inkano,InKano Plume Sol - Sleeveless dress wanita dengan details texture fabric and tier silouette,plume,,,,,
27738375792,inkano,InKano Barrel Pants - Celana panjang wanita dengan cutting barrel dan bahan katun,barrel,,,,,
6137355964,inkano,"InKano Waves - Midi dress bahan katun warna Putih (berfuring), Beige, Biru tua, Coklat tua, Hitam [7]",waves,,,,,
26124817232,inkano,InKano Basic Tee - Kaos wanita full katun atasan wanita basic lengan pendek,kaos,,,,,
29075945430,inkano,InKano Amary - Sleeveless dress wanita dengan details rok plisket,amary,,,,,
8012587266,inkano,"InKano Bree - Sleeveless midi dress rayon warna putih, coklat beige, hijau olive, hijau sage, hitam [4]",bree,,,,,
5418636273,inkano,"InKano Seville - Sleeveless midi dress wanita bahan katun warna beige coklat muda, navy blue, pearl ivory, peanut coklat tua [6]",seville,,,,,
26514706880,inkano,InKano Basic Tee - Kaos wanita full katun atasan wanita basic lengan pendek,kaos,,,,,
29640723036,inkano,InKano Spire Dress - Sleeveless dress korea wanita katun warna coklat dan hitam black,spire,,,,,
26778177709,inkano,InKano Fressia - Sleeveless atasan wanita dengan details applikasi floral.,fressia,,,,,
29802573288,inkano,InKano Cascade - Everyday sleeveless top wanita atasan wanita sleevelss bahan parasut,cascade,,,,,
26670732939,inkano,"InKano Meadow - Cardigan rajut wanita bahan full katun, knit cardigan wanita",meadow,,,,,
4520695814,inkano,"InKano Gianna - Dress rayon dengan details ikat warna hitam, coklat muda, hijau olive dan soft pink [5]",gianna,,,,,
24369177837,inkano,InKano Marri Longsleeves - Cropped top knitted top with embossed pattern in long sleeves. [6],marri,,,,,
8150225187,inkano,"InKano Sparrow - Sleeveless maxi dress dengan texture plisket berfuring warna putih gading, abu muda, pink, coklat [4]",sparrow,,,,,
42817883477,inkano,InKano Neva Tee - Kaos wanita 100% cotton crewneck tee dengan contrastic fabric,neva,,,,,
25339467342,inkano,InKano Thyme Clove - Atasan rajut wanita dengan floral details untuk layering,thyme,,,,,
23870069126,inkano,"InKano Linen Dress - Sleeveless dress linen, midi dress wanita warna offwhite stripes dan navy [5]",linen,,,,,
25575584031,inkano,InKano Briette - Crop top wanita crop top outerwear wanita dengan details tali ikat [4],briette,,,,,
28753233081,inkano,InKano Lyn - Atasan wanita tanpa lengan sleveless top wanita dengan bahan ironless dan flowy dan details drape di pundak,lyn,,,,,
24046286517,inkano,InKano Elmore - Basic cardigan wanita rajut full kancing dengan bahan viscose yang lembut dan halus,elmore,,,,,
29362642841,inkano,InKano Flow - Kemeja sleeveless wanita dengan bahan polyester linen dan relaxed fit,flow,,,,,
28738367414,inkano,InKano Rilys - Rok wanita rayon premium dengan details tier dan pinggang elastic,rilys,,,,,
42370553268,inkano,InKano Haze - Atasan rajut basic wanita dengan bahan full katun inner basic wanita lengan panjang,haze,,,,,
9449724340,inkano,InKano Fable - Kemeja katun wanita shirtdress dengan kancing full depan warna hitam dan abu [4],fable,,,,,
43350410595,inkano,InKano Solstice Dress - Dress maxi wanita dengan tali spaghetti strap,solstice,,,,,
43807397639,inkano,InKano Hawthorn - Atasan rajut knitwear wanita dengan details zipper dan tekstur,hawthorn,,,,,
43061856720,inkano,InKano Brisa - Outerwear rajut wanita knitwear cardigan dengan details unfinished,brisa,,,,,
27343670002,inkano,"InKano Organic Tee - Organic cotton tee, 100% cotton tee from organic farm certified.",organic,,,,,
4654707139,inkano,"InKano Basic Shirt - Kemeja basic rayon full kancing warna putih, hitam dan biru navy [4]",shirt,,,,,
25439467291,inkano,InKano Ripple - Rok plisket wanita flowy pinggang karet [2],ripple,,,,,
27226014984,inkano,InKano Mallow - Knit top rajut jaket wanita dengan twi way zipper.,mallow,,,,,
26150443050,inkano,"InKano Acre Dress - Sleeveless dress katun maxi dress sleeveless hitam, navy, dan gingham [3]",acre,,,,,
16770157482,inkano,"InKano Dill - Outerwear daily wanita bahan rayon texture crinkle warna muted pink mauve, hijau sage, coklat coffee [6]",dill,,,,,
49450872502,inkano,InKano Spire Dress - Sleeveless dress korea wanita katun warna coklat dan hitam black,spire,,,,,
24238660941,inkano,"InKano Crest - Pleated dress wanita sleeveless, dress wanita plisket tanpa lengan",crest,,,,,
49503822443,inkano,InKano Denim Barrel Pants - Celana panjang wanita dengan cutting barrel dan bahan denim,denim,,,,,
4216455466,inkano,"InKano Paige - Kemeja rayon wanita full kancing warna putih, coklat muda, hitam, olive, hijau sage, biru tua, biru muda [4]",paige,,,,,
22619901508,inkano,"InKano Cycle Jacket - See through jacket texturized fabric jaket wanita dengan hoodie warna beige, dusty pink, coklat [6]",cycle,,,,,
27703225497,inkano,InKano Echo - Celana pendek parasut wanita full pinggang karet,echo,,,,,
29777681282,inkano,InKano Alpine - Celana denim wanita relaxed fit dengan elastic di bagian belakang,alpine,,,,,
51250852825,inkano,InKano Thames Outer - Outerwear wanita knit cardigan wanita dengan details dash dan kancing,thames,,,,,
28364865828,inkano,InKano Gale - Rok satin wanita warna bw creme dan hitam,gale,,,,,
42867887324,inkano,InKano Nile - Cardigan rajut wanita dengan details floral pattern,nile,,,,,
40157398753,inkano,InKano Nash - Sleeveless atasan blouse wanita dengan neckline tinggi dan tekstur kain,nash,,,,,
26439584864,inkano,InKano Arbor - Outer wanita blazer wanita bahan soft suede,arbor,,,,,
27774742340,inkano,InKano Vine - Kemeja wanita stripes bahan full katun,vine,,,,,
49950037935,inkano,InKano Aera - Atasan Wanita dengan bahan rayon spandex dan details asymmetric draping,aera,,,,,
9066211366,inkano,"InKano River - Sleeveless maxi cotton knit dress / Dress rajut katun panjang warna beige coklat susu, cloud grey abu muda, stone, asphalt abu tua [5]",river,,,,,
25022052499,inkano,InKano Eyre Drawstring Dress - sleeveless dress wanita midi dress wanita dengan drawstring pinggang [4],eyre,,,,,
55550137369,inkano,InKano Plume Sol - Sleeveless dress wanita dengan details texture fabric and tier silouette,plume,,,,,
27970724615,inkano,InKano Willow - Sleeveless dress satin wanita dengan details floral dress semi formal wanita untuk occasion [2],willow,,,,,
29220727488,inkano,InKano Tether - Rok midi wanita dengan serat bahan tencel rok kerja wanita casual,tether,,,,,
25450648574,inkano,"InKano Pane Jacket - jaket wanita tipis dengan serat kain bertekstur, kancing depan, dan kantong [4]",pane,,,,,
41504095124,inkano,InKano Basic Tee - Kaos wanita full katun atasan wanita basic lengan pendek,kaos,,,,,
42817778717,inkano,InKano Tharra - Atasan sleeveless wanita katun dengan details bordir bunga,tharra,,,,,
25532425535,inkano,"InKano Ravine - Sleveless dress wanita ironless crinkle fabric, midi inner dress wanita",ravine,,,,,
5416468594,inkano,"InKano Hannover - Midi dress katun lengan panjang warna biru navy, beige [4]",hannover,,,,,
26391942529,inkano,InKano Cirrus - Dress wanita sleeveless midi dress wanita dengan details rok balloon,cirrus,,,,,
47150051417,inkano,InKano Lunel - Rayon premium maxi dress with pleated details,lunel,,,,,
27176054532,inkano,InKano Skylet - Sleeveless dress wanita minimalist maxi dress wanita dengan details crinkle texture dan straight cut,skylet,,,,,
54450142578,inkano,InKano Fressia - Sleeveless atasan wanita dengan details applikasi floral.,fressia,,,,,
53952628803,inkano,InKano Tava - Kaos 100% cotton long sleeve and high neck,tava,,,,,
25641348214,inkano,InKano Soleil - Rok wanita dengan pinggang karet dan details kerut,soleil,,,,,
22959279323,inkano,InKano Caise Skirt - Rok midi wanita straight midi slim skirt warna abu dan hitam [4],caise,,,,,
3537453641,inkano,"InKano Waves - Midi dress bahan katun warna Putih (berfuring), Beige, Biru tua, Coklat tua, Hitam [5]",waves,,,,,
24325590048,inkano,InKano Carra Pleated Dress - Sleeveless dress wanita midi dress plisket wanita [4],carra,,,,,
42561854974,inkano,InKano Acker - Atasan wanita dengan bahan soft rib rajut dan contrasting fabric,acker,,,,,
29112632697,inkano,Inkano Linden - Celana wanita relaxed celana bahan wanita untuk kantor dan casual,linden,,,,,
41051655502,inkano,"InKano Meadow - Cardigan rajut wanita bahan full katun, knit cardigan wanita [2]",meadow,,,,,
24991420380,inkano,InKano Fray - Celana wanita high waist relaxed fit,fray,,,,,
6316156674,inkano,"InKano Bree - Sleeveless midi dress rayon warna putih, coklat beige, hijau olive, hijau sage, hitam [4]",bree,,,,,
29389584649,inkano,InKano Eiro - Rok wanita dengan pinggang karet dan details plisket crinkled fabric,eiro,,,,,
43161943121,inkano,InKano Palmer - Celana pendek wanita,palmer,,,,,
23772418038,inkano,"InKano Slate Skirt - Rok wanita plisket dengan pinggang karet warna coklat, abu, dan hitam black [4]",slate,,,,,
27612634424,inkano,InKano Tessera - Kemeja rajut lengan panjang dengan details tekstur untuk atasan maupun outerwear,tessera,,,,,
4846833586,inkano,"InKano Hill - Celana panjang rayon wanita dengan kantong dan pinggang karet warna sand coklat susu, hitam, muted blush soft pink, dusty blue, space blue indigo, marsala brick, hijau olive [6]",hill,,,,,
44606509508,inkano,InKano Karu - Atasan wanita semi-sheer dengan details bordir floral dan classic knot details,karu,,,,,
29638461726,inkano,InKano Saffron - Rok Midi A Line wanita bahan katun dengan pinggang karet dan kantong samping,saffron,,,,,
53956496400,inkano,InKano Malva - Atasan wanita 100% katun lengan panjang dengan details kancing,malva,,,,,
22444569998,inkano,"InKano Fig Skirt - Rok wanita structured flare skirt warna offwhite, coksu, hitam [7]",fig,,,,,
24593052285,inkano,InKano Acacia - Outerwear wanita dengan details bordir dan kain bertekstur linen,acacia,,,,,
12963277331,inkano,"InKano Oak - Rok midi dengan pinggang karet dan drawstring bahan katun warna ivory, coklat [7]",oak,,,,,
26268479785,inkano,"InKano - Marri Dress - Sleeveless knit dress with texture details and viscose fabric, dress rajut wanita tanpa lengan",marri,,,,,
25640328984,inkano,InKano Spire Plum - Dress wanita sleeveless dengan details rok balon,spire,,,,,
21695149050,inkano,InKano Fall Trousers - Celana panjang wanita full karet kulow wanita dengan teksur garis warna putih bw abu dan hitam [4],fall,,,,,
19176939583,inkano,"InKano Terrain Skirt - Rok wanita plisket dengan resliting belakang warna dusty pink, dark grey, dan hitam black [4]",terrain,,,,,
49456302667,inkano,InKano Harin - Atasan wanita katbol bahan 100% katun dengan floral embroidery,harin,,,,,
25256768865,inkano,"InKano Roue Tanktop & Roue Line - Tanktop rajut wanita knit crop top wanita basic warna putih, mauve, grey, hitam [6]",roue,,,,,
27029888504,inkano,InKano Hayes - Sleeveless dress wanita dengan details plisket di bagian depan,hayes,,,,,
53403769798,inkano,InKano Shiso - Dress wanita 100% cotton dengan details contrast stitching,shiso,,,,,
40611870614,inkano,InKano Solin - Atasan wanita dengan details plisket crinkled fabric,solin,,,,,
41511942583,inkano,InKano Sable - Linen outer wanita unfinished details and contrast stitching,sable,,,,,
52856273449,inkano,InKano Rava - Atasan wanita longsleeve soft and lightweight,rava,,,,,
25506769709,inkano,"InKano Dales Cargo Pants - Cargo pants wanita celana panjang cargo wanita pinggang full karet warna beige, light grey, khaki [2]",dales,,,,,
27924789216,inkano,InKano Ann Cardie - Cadigan wanita katun outer rajut korean style,ann,,,,,
45855361281,inkano,InKano Elara - Atasan sleeveless wanita dengan details drape di leher,elara,,,,,
29128168295,inkano,InKano Hearth - Minimalist sleeveless dress wanita dengan details drape dan natural tone,hearth,,,,,
18804681664,inkano,"InKano Float - 2 ways blouse wanita sleeveless bahan crinkle reversible square and v neck warna coklat,biru abu,biru tua muda [5]",float,,,,,
27894132247,inkano,InKano Sorin - Outer wanita dengan textured floral fabric dan details tali.,sorin,,,,,
42957848178,inkano,InKano Fleur - Kemeja sleeveless wanita dengan details flare di pinggang,fleur,,,,,
41928916088,inkano,InKano Nemi - Atasan wanita lengan panjang dengan detail kancing dan curved hemming,nemi,,,,,
56456273971,inkano,InKano Vireya - Dress wanita pleats dengan bahan yang flowy dan ringan,vireya,,,,,
40651650756,inkano,InKano Thyme Clove - Atasan rajut wanita dengan floral details untuk layering,thyme,,,,,
55250147702,inkano,InKano Basic Tee - Kaos wanita full katun atasan wanita basic lengan pendek,kaos,,,,,
44755366217,inkano,InKano Miro - Atasan wanita semi-sheer dengan details floral embroidery dan classic Chinese knot buttons,miro,,,,,
55556500199,inkano,InKano Suki - Sleeveless midi dress A Line dengan motif gingham details smock,suki,,,,,
26175928414,inkano,InKano Haslet - Dress wanita lengan panjang dengan bahan rayon dan details drape dan full kancing,haslet,,,,,
53653314955,inkano,InKano Pollen - Celana wanita kantor dengan potongan lurus dan bahan premium,pollen,,,,,
21495899405,inkano,InKano Call Dress - Mini dress wanita sleeveless dress with texturized fabric [4],call,,,,,
28884663826,inkano,InKano Faye - Sleeveless midi dress wanita 100% katun dengan details ikat,faye,,,,,
27478179093,inkano,InKano Bryony - Shirtdress wanita lengan panjang dengan bahan rayon premium dan full kancing depan.,bryony,,,,,
28828164827,inkano,InKano Lowen - Relaxed dress wanita A Line dengan details floral lace,lowen,,,,,
10979039292,inkano,"InKano Ridge - Sleeveless maxi dress terbaru dengan style korea dan bahan rayon premium warna hitam, dusty lilac ungu muda, pink shades [4]",ridge,,,,,
14876963468,inkano,"InKano - Pasture - Kemeja wanita blouse lengan panjang full kancing bahan rayon warna Black, Latte, Marsala [5]",pasture,,,,,
55500851049,inkano,InKano Mallow - Knit top rajut jaket wanita dengan twi way zipper.,mallow,,,,,
23461689690,inkano,InKano - Lile - Atasan wanita lengan panjang blouse wanita dengan tekstur garis [4],lile,,,,,
42028904977,inkano,InKano Rumi - Atasan sleeveless gingham dengan texture smock dan contrasting thread,rumi,,,,,
51853780373,inkano,InKano Flint - Kemeja sleeveless wanita 100% cotton dengan details contrast stitching,flint,,,,,
5318635917,inkano,"InKano Seville - Sleeveless midi dress wanita bahan katun warna beige coklat muda, navy blue, pearl ivory, peanut coklat tua [4]",seville,,,,,
19690344535,inkano,InKano - Plenary Cardigan - Cardigan wanita rajut lengan panjang oversized bahan katun [4],plenary,,,,,
44956512669,inkano,InKano Hinari - Outerwear wanita lightweight dan sheer dengan details bordir dan scallop edge,hinari,,,,,
55110599352,inkano,"InKano Organic Tee - Organic cotton tee, 100% cotton tee from organic farm certified.",organic,,,,,
23289747436,inkano,InKano - Rumme Top - atasan wanita linen blouse wanita longsleeves dengan details kerah drawstring [4],rumme,,,,,
48459766206,inkano,InKano Elmore - Basic cardigan wanita rajut full kancing dengan bahan viscose yang lembut dan halus,elmore,,,,,
47561071537,inkano,InKano Celite - Kemeja crop wanita dengan bahan checkered kotak mini gingham,celite,,,,,
24259333737,inkano,InKano - Havelock Skirt - Structured midi skirt A line skirt wanita rok wanita korean style [4],havelock,,,,,
23472418448,inkano,InKano - Rake - Atasan wanita basic bahan rajut katun everyday wear [6],rake,,,,,
29668467985,inkano,"InKano Cypress - Relaxed-fit blazer with oversized silhouette, blazer wanita oversize untuk acara casual.",cypress,,,,,
21358379617,inkano,InKano Glint Skirt - Rok wanita semi formal dengan pinggang karet elastis warna abu [4],glint,,,,,
24592150275,inkano,InKano Twain - Outerwear wanita dengan details ikat dan abstract texture,twain,,,,,
28370724858,inkano,InKano - Frost - Atasan sleeveless wanita dengan details bordir,frost,,,,,
43607402621,inkano,InKano Adair - Kemeja wanita oversized dengan contast stitching details,adair,,,,,
25509339092,inkano,InKano - Havelock Top - Atasan cropped rop wanita sleeveless crop blouse katun wanita [4],havelock,,,,,
47159137555,inkano,InKano Veluna - Cardigan rajut dengan textur cable dan details kancing,veluna,,,,,
49560623251,inkano,InKano Cassia - Outer knit wanita lengan panjang dengan scallop hemming outerwear rajut wanita,cassia,,,,,
25471126885,inkano,"InKano - Volca Dress - Washed knitted dress, everyday sleeveless dress wanita bahan katun knit [5]",volca,,,,,
54710946457,inkano,InKano Plume Sol - Sleeveless dress wanita dengan details texture fabric and tier silouette,plume,,,,,
27001676065,inkano,InKano Fern - Rok wanita rok midi katun chinos dengan details ikat [3],fern,,,,,
41811937665,inkano,InKano Linnea - Atasan wanita lengan panjang bahan soft rib rajut,linnea,,,,,
26626044035,inkano,InKano Trelis - Atasan rajut wanita stripes oversized,trelis,,,,,
54810960149,inkano,InKano Kiyo - Atasan wanita sleeveless dari bahan cotton organic,kiyo,,,,,
29768478436,inkano,InKano - Clover - Atasan rayon wanita lengan panjang dengan details kerut [2],clover,,,,,
40017876563,inkano,InKano Clove - Outer wanita rajut dengan details floral pattern lengan panjang,clove,,,,,
41381093913,inkano,InKano Sedge - Dress midi sleeveless dengan bahan checkered kotak mini gingham dan details tiered skirt,sedge,,,,,
40607295073,inkano,InKano Leif - Atasan Blouse wanita basic atasan sleeveless wanita,leif,,,,,
50859129020,inkano,InKano Kaeli - Dress wanita katun sleeveless dengan details stitching,kaeli,,,,,
20677768090,inkano,Kano - Maize Top,kano,,,,,
43817851260,inkano,InKano Orrin Skirt - Rok wanita dengan contrasting stitch details,orrin,,,,,
48910911471,inkano,InKano Elmore - Basic cardigan wanita rajut full kancing dengan bahan viscose yang lembut dan halus,elmore,,,,,
46760628376,inkano,InKano Haze - Atasan rajut basic wanita dengan bahan full katun inner basic wanita lengan panjang,haze,,,,,
28028179741,inkano,InKano Cedar - Sleeveless dress wanita dengan bahan crepe dan details pinggang,cedar,,,,,
42367841989,inkano,InKano Woodly - Set rajut wanita inner tanktop dan outer lengan panjang,woodly,,,,,
53552634167,inkano,InKano Elm - Kemeja bahan rayon twill premium dengan details tali di belakang,elm,,,,,
24869174958,inkano,InKano - Irie Dress [5],irie,,,,,
25236554077,inkano,InKano - Valley - Kemeja rayon wanita lengan pendek untuk kantor dan casual [2],valley,,,,,
51550035702,inkano,"InKano Naru - Sleveless semi-balloon top, elevated and versative basic top for everyday look",naru,,,,,
48753351177,inkano,InKano Rivera - Rok wanita dengan details kombinasi plisket,rivera,,,,,
41470907573,inkano,InKano Clive - Celana wanita kantor dengan details pleated,clive,,,,,
27179903627,inkano,"InKano Piper - Sleeveless dress wanita dengan details pleats abstract, inner dress wanita layering",piper,,,,,
10583260481,inkano,InKano -Creek - Midi dress wanita katun full kancing depan busui friendly; outerwear korea style [7],creek,,,,,
56401919154,inkano,InKano Castor - Atasan wanita dengan details kerut,castor,,,,,
44760990302,inkano,InKano Virou - Atasan v-neck kaos dengan bahan cotton organic,virou,,,,,
6273145078,inkano,"InKano Paige - Kemeja rayon wanita full kancing warna putih, coklat muda, hitam, olive, hijau sage, biru tua, biru muda [3]",paige,,,,,
28412764733,inkano,"InKano - Two-Tone Petal - Atasan rajut wanita sleeveless dengan details two tone, hemming bunga, dan bahan viscose rajut yang lembut",two,,,,,
43711849136,inkano,InKano Peony - Atasan peplum rajut wanita dengan kancing depan,peony,,,,,
56456500783,inkano,"InKano Liora - Rok maxi wanita dengan crinkle textured, pinggang elastic, bahan lightweight, dan furing katun",liora,,,,,
40367838067,inkano,In Kano Arden - Knit cardigan top wanita dengan bahan nylon,kano,,,,,
27225985381,inkano,InKano Mist - Kemeja katun wanita relaxed oversized dengan details texture,mist,,,,,
11800739620,inkano,InKano Surrey - Rok midi wanita pleated bahan katun [5],surrey,,,,,
18595795888,inkano,InKano - Ditton Dress - Midi dress wanita dress rajut wanita dengan details dash [5],ditton,,,,,
25094452856,inkano,InKano Hive - Midi dress wanita bahan rajut lengan pendek dengan texture waffle,hive,,,,,
52960939438,inkano,InKano Tharra - Atasan sleeveless wanita katun dengan details bordir bunga,tharra,,,,,
48659973623,inkano,InKano Lunel - Rayon premium maxi dress with pleated details,lunel,,,,,
49509962188,inkano,InKano Neva Tee - Kaos wanita 100% cotton crewneck tee dengan contrastic fabric,neva,,,,,
27923674175,inkano,InKano - Canvas Bag - Totebag canvas besar dan versatile dengan bahan canvas tebal,canvas,,,,,
23172479263,inkano,"InKano - Coterie SET, TOP, SKIRT - Atasan wanita bahan kaos lengan panjang crop, rok pinggang karet bahan kaos [4]",coterie,,,,,
55905332486,inkano,InKano Narei - Atasan/Outer wanita semi-sheer dengan details floral embroidery,narei,,,,,
24838657386,inkano,"InKano - Sycamore - Casual knit top in v neck with details hemming, atasan rajut wanita dengan details motif hemming",sycamore,,,,,
25121106430,inkano,InKano Fiore - Floral midi dress wanita motif bunga lengan pendek dengan tali [4],fiore,,,,,
16032806043,inkano,"InKano - Grain - Knit maxi dress v neck dress rajut wanita panjang warna hijau sage, dusty pink, coklat [5]",grain,,,,,
47560635690,inkano,InKano Fressia - Sleeveless atasan wanita dengan details applikasi floral.,fressia,,,,,
28534574278,inkano,InKano Floral Slate - Rok midi wanita rok plisket dengan motif floral,floral,,,,,
18680559303,inkano,InKano - Papillon Cardi - Knit cardigan cropped and sheer with drawstring [5],papillon,,,,,
44007408047,inkano,InKano Alwyn -Outerwear rajut knitwear wanita dengan details contrast stitching,alwyn,,,,,
24866947259,inkano,InKano - Maxie Shirt [5],maxie,,,,,
45106306428,inkano,InKano Nako - Rok wanita motif floral A line midi skirt with floral texture,nako,,,,,
26994743744,inkano,InKano Aera - Atasan Wanita dengan bahan rayon spandex dan details asymmetric draping,aera,,,,,
28151670796,inkano,InKano - Fawn - Sleeveless dress wanita midi dress wanita katun [4],fawn,,,,,
28359337290,inkano,InKano - Hemlock - Kemeja wanita oversized lengan panjang bahan rayon [2],hemlock,,,,,
24735334355,inkano,InKano - Shade - Kemeja wanita full katun lengan panjang [2],shade,,,,,
20192284890,inkano,"InKano - Pome Skort - Skort wanita warna offwhite, taupe, dan black [5]",pome,,,,,
27574728605,inkano,InKano Dart - Celana panjang wanita dengan bahan lyocell yang halus dan tidak transparant,dart,,,,,
25821140182,inkano,"InKano - Volca Top - Washed denim knit top, atasan wanita daily blouse rajut wanita [6]",volca,,,,,
55560947757,inkano,InKano Briette - Crop top wanita crop top outerwear wanita dengan details tali ikat,briette,,,,,
40401639592,inkano,InKano Stripes Union- Oversized stripes cotton knit top with long sleeve bahan katun korean style,stripes,,,,,
56109117307,inkano,InKano Elden - Cardigan/atasan rajut dengan details kancing dan unfinished hemming,elden,,,,,
40817846796,inkano,InKano Elwood - Semi sheer top outerwear wanita bahan katun voal,elwood,,,,,
54260608236,inkano,InKano Neva Tee - Kaos wanita 100% cotton crewneck tee dengan contrastic fabric,neva,,,,,
57309133858,inkano,InKano Lerya - Rok satin ikat dengan details drapery,lerya,,,,,
28478246565,inkano,InKano Ledge - Sleeveless shirt dress wanita dengan kancing depan dan dapat dipakai sebagai outerwear wanita,ledge,,,,,
25166947712,inkano,InKano - Spring Outer [5],spring,,,,,
47709151141,inkano,InKano Arin - Rok midi Wanita dengan bahan kain soft flannel kotak,arin,,,,,
29524783542,inkano,InKano Skye - Outerwear wanita parasut oversized full kancing,skye,,,,,
54100631082,inkano,InKano Moss - Celana panjang Wanita pleated dengan full pinggang karet,moss,,,,,
42080615229,inkano,InKano Denim Barrel Pants - Celana panjang wanita dengan cutting barrel dan bahan denim,denim,,,,,
24269180538,inkano,InKano - Sou Skirt [5],sou,,,,,
25725582937,inkano,InKano - Ollie - Knit vest wanita outerwear sweater rajut wanita [5],ollie,,,,,
29002563957,inkano,Inkano - Vale - Vest rajut wanita crop knit vest katun viscose [2],vale,,,,,
49311993326,inkano,InKano Barrel Pants - Celana panjang wanita dengan cutting barrel dan bahan katun,barrel,,,,,
18086976854,inkano,InKano - Verdure Skirt - Midi skirt rok wanita rajut with floral motif [6],verdure,,,,,
24294489617,inkano,InKano Catnip - Rok midi wanita bahan parasut dan pinggang full karet,catnip,,,,,
54456495723,inkano,InKano Alcea - Atasan vest dengan texture bordir dan details ribbon lace dan lightweight fabric,alcea,,,,,
24569179034,inkano,InKano - Margot Dress [5],margot,,,,,
27128176362,inkano,"InKano Velar - Minimalist sleeveless dress wanita dengan premium cotton, structured sihouette dan details knit",velar,,,,,
48959151353,inkano,InKano Kairi - Atasan Wanita sleeveless bahan kain soft flannel kotak,kairi,,,,,
27202571019,inkano,InKano - Volca Long Sleeves - Longsleeve knit dress in washed denim fabric midi dress wanita lengan panjang bahan katun rajut [2],volca,,,,,
43261933019,inkano,InKano Selka - Jaket wanita sheer dengan details floral embroidery,selka,,,,,
45255362046,inkano,InKano Elka - Atasan sleeveless wanita dengan bahan satin rayon premium dan details ikat di belakang.,elka,,,,,
41730972849,inkano,InKano Rilys - Rok wanita rayon premium dengan details tier dan pinggang elastic,rilys,,,,,
57500013209,inkano,InKano Iris - Atasan knit Wanita bahan viscose blend dengan details neckline,iris,,,,,
29323681171,inkano,InKano Thistle - Totebag parasut minimalis dengan details pita,thistle,,,,,
7078029495,inkano,"InKano - Proteus - Midi dress katun lengan pendek warna beige, merah bata, hitam, Biru Navy [4]",proteus,,,,,
29976007170,inkano,InKano Trail - Atasan wanita outerwear wanita sleeveless dengan details drape di bagian belakang,trail,,,,,
55050017076,inkano,InKano Kora - Knit Set in viscose blend. Camisole with relaxed outer knit with scallop edge in soft breathable fabric,kora,,,,,
29451672145,inkano,InKano - Loom - Atasan basic rajut wanita blouse wanita rajut katun viscose [4],loom,,,,,
25291346249,inkano,InKano Ivy - Atasan wanita dengan pattern floral dan details texture di kain.,ivy,,,,,
57160710532,inkano,InKano Marri Longsleeves - Cropped top knitted top with embossed pattern in long sleeves.,marri,,,,,
27550648268,inkano,InKano - Pheobe - V neck dress rajut wanita lengan pendek midi dress rajut viscose wanita [4],pheobe,,,,,
20038777879,inkano,"Kano - Mantle - Blazer wanita ringan semi formal dengan kancing warna coksu beige, coklat tua wood, hitam black [4]",kano,,,,,
52611971814,inkano,InKano Nile - Cardigan rajut wanita dengan details floral pattern,nile,,,,,
22409966419,inkano,InKano - Serene Skirt - Rok wanita basic polos pinggang karet bahan crinkle full furing [4],serene,,,,,
9751682977,inkano,"InKano - Pillar - Sleeveless maxi dress bahan plisket full furing warna coklat, putih offwhite, hitam black [5]",pillar,,,,,
20677767504,inkano,InKano - Yard Dress [4],yard,,,,,
20581383524,inkano,"InKano - Mill Trousers - Celana cargo wanita korean style dengan kantong dan potongan relax warna offwhite, taupe beige, hitam black [6]",mill,,,,,
10480285092,inkano,"InKano - Marsh - Outerwear wanita katun blazer semi formal dengan kantong warna abu, hijau sage, coklat [4]",marsh,,,,,
47300102225,inkano,InKano Nerra - Rok wanita midi bahan chinos dengan details stitching,nerra,,,,,
27568479219,inkano,InKano - Glide - Sleeveless cotton knit top with texture details atasan rajut v neck wanita [2],glide,,,,,
55261973187,inkano,InKano Rene Cardigan - Everyday cardigan wanita outerwear wanita knit cardigan cotton viscose,rene,,,,,
27564856836,inkano,InKano - Naven - Vest wanita v neck outerwear wanita dengan kancing depan [2],naven,,,,,
28850602656,inkano,InKano - Junie Outerwear - Kemeja outerwear wanita dengan details tali dan kain see-through [4],junie,,,,,
22415925320,inkano,"InKano - Utter Dress - Midi sleeveless dress wanita bahan rayon ikat pinggang warna blush pink, coksu, red marsalla [5]",utter,,,,,
27109341177,inkano,InKano - Luna - Kemeja wanita lengan panjang dengan bahan katun mix dan details kerut [2],luna,,,,,
28703758820,inkano,InKano - Lini - Atasan rajut wanita knit top wanita bahan katun [2],lini,,,,,
24402023278,inkano,InKano - Twine Dress - Oversized midi dress wanita full kancing everyday dress [4],twine,,,,,
28503772825,inkano,InKano - Marri Top - Atasan rajut wanita knit top wanita katun viscose [2],marri,,,,,
28024727779,inkano,InKano Polar - Oversized shirt wanita kaos oversize wanita dengan details bordir,polar,,,,,
57061160802,inkano,InKano Alpine - Celana denim wanita relaxed fit dengan elastic di bagian belakang,alpine,,,,,
15161803419,inkano,"InKano - Still - Outerwear wanita bahan crinkle semi blazer lengan panjang dengan kancing depan warna coksu beige, dusty pink mauve dan smoke blue biru abu [7]",still,,,,,
24114974205,inkano,InKano - Cite Dress - Tartan sleeveless midi dress wanita [5],cite,,,,,
22019900469,inkano,"InKano - Dow Knit Top - Atasan wanita polos blouse knit rajut warna kuning butter, pastel green, abu muda, pink mauve [6]",dow,,,,,
46660632767,inkano,InKano Stripes Union - Oversized stripes cotton knit top with long sleeve bahan katun korean style,stripes,,,,,
24359356794,inkano,InKano Picton - Sleeveless top wanita blouse atasan wanita warna coklat hijau maroon black [6],picton,,,,,
53912085260,inkano,InKano Brine - Rok plisket wanita bahan ceruty yang flowy,brine,,,,,
27028179232,inkano,InKano Rime - Outerwear knit wanita dengan details tali dan crop length,rime,,,,,
29062628322,inkano,InKano - Ava Cardi - Cardigan wanita dengan details pita [2],ava,,,,,
25332700688,inkano,"InKano - Petal - Atasan sleeveless rajut wanita, knit top wanita katun viscose dengan details petal [2]",petal,,,,,
26053406355,inkano,InKano - Aspen - Atasan rajut wanita knit shirt top wanita katun viscose [2],aspen,,,,,
22213687711,inkano,InKano - Amidst Dress - Sleeveless dress wanita semi formal full kancing depan [4],amidst,,,,,
22664020845,inkano,InKano - Sadie Jeans [5],sadie,,,,,
13877892079,inkano,"InKano - Raven - Basic dress polos bahan crinkle lengan pendek daily warna hijau sage, dusty pink, coklat [4]",raven,,,,,
27934674617,inkano,InKano Terra Skirt - Rok midi wanita dengan details pleats dan pinggang full karet,terra,,,,,
24353034029,inkano,"InKano - Plica Dress - Midi dress wanita katun lengan pendek square neck dengan detail pleat warna offwhite, beige, hitam [4]",plica,,,,,
50862413433,inkano,InKano Sedge - Dress midi sleeveless dengan bahan checkered kotak mini gingham dan details tiered skirt,sedge,,,,,
50012407753,inkano,InKano Brisa - Outerwear rajut wanita knitwear cardigan dengan details unfinished,brisa,,,,,
26003952390,inkano,InKano - Heather - Dress wanita katun dengan bahan spandex dan details plisket [2],heather,,,,,
45301938934,inkano,InKano Bluebell - Kemeja wanita dengan details plisket.,bluebell,,,,,
25966949401,inkano,InKano - Gene Maxi Skirt [4],gene,,,,,
45260967322,inkano,InKano Elara - Atasan sleeveless wanita dengan details drape di leher,elara,,,,,
52561969562,inkano,InKano Amary - Sleeveless dress wanita dengan details rok plisket,amary,,,,,
23227744726,inkano,"InKano - Repose - Celana rajut katun wanita, cotton knit pants [4]",repose,,,,,
57162403130,inkano,"InKano Pane Jacket - jaket wanita tipis dengan serat kain bertekstur, kancing depan, dan kantong",pane,,,,,
25414978958,inkano,"InKano - Regine Top - Kemeja wanita oversized dengan bahan rayon premium warna abu taupe, biru salted egg, dan hitam [4]",regine,,,,,
27273160626,inkano,InKano - Alder - Rok midi wanita A Line dengan motif herringhone,alder,,,,,
27923033839,inkano,InKano Nettle - Totebag besar dengan bahan parasut dan details knot,nettle,,,,,
26539585576,inkano,InKano Lark - Sleeveless atasan wanita dengan bahan rayon poly dan details plisket crinkled pleated fabric.,lark,,,,,
27684689696,inkano,InKano Erty - Dress wanita sleeveless dengan details plisket maxi dress wanita,erty,,,,,
20689483115,inkano,InKano Furrow Dress - Sleeveless dress warna offwhite dan black [5],furrow,,,,,
26388381173,inkano,InKano Loop - Rok wanita rok midi dengan bahan cotton lyocell dan pinggang karet,loop,,,,,
24906775360,inkano,InKano - Veloute - Tanktop wanita motif bunga warna offwhite dan black [5],veloute,,,,,
22962819841,inkano,InKano - Bract - Atasan wanita rajut kemeja katun rajut wanita lengan pendek [5],bract,,,,,
29501672701,inkano,InKano - Weave - Atasan knit wanita cardigan rajut wanita dengan kancing gold [4],weave,,,,,
23250028751,inkano,Kano - Anno Bucket Hat - Topi bucket hat for daily korean look [4],kano,,,,,
22359283602,inkano,InKano - Hana Bucket Hat [5],hana,,,,,
24461479148,inkano,InKano Delft Maxi Cargo Skirt - Cargo skirt wanita dengan pinggang karet dan kantong rok kargo wanita [5],delft,,,,,
23831116219,inkano,InKano - Apsis Skirt - Rok wanita semi formal A line bahan polyester resliting belakang [3],apsis,,,,,
29312643353,inkano,InKano Cove Bucket Hat - Topi bucket hat wanita dengan bahan parasut dan details tali [2],cove,,,,,
19004950590,inkano,"InKano - Medium T-shirt - Kaos wanita lengan pendek daily warna hitam, hijau olive, magnet grey abu tua dan putih gading offwhite [4]",medium,,,,,
